Month,year,Population,Participation rate(%),Labour Force,Employed,Unemployed,Unemployment Rate (%),Region,country/province ,date 
Jan,2006,510,68.9,352,326,26,7.3,London,Ontario,Jan-2006
Feb,2006,511,68.5,350,325,25,7,London,Ontario,Feb-2006
Mar,2006,511,69.1,353,330,23,6.6,London,Ontario,Mar-2006
Apr,2006,511,69.9,358,334,24,6.6,London,Ontario,Apr-2006
May,2006,512,69.8,358,337,21,5.8,London,Ontario,May-2006
Jun,2006,513,69.2,355,336,19,5.4,London,Ontario,Jun-2006
Jul,2006,513,68.4,351,330,21,5.9,London,Ontario,Jul-2006
Aug,2006,514,67.9,349,328,21,6.1,London,Ontario,Aug-2006
Sep,2006,514,68.7,353,332,21,5.9,London,Ontario,Sep-2006
Oct,2006,514,69.4,357,336,21,5.9,London,Ontario,Oct-2006
Nov,2006,515,70.3,362,340,22,6,London,Ontario,Nov-2006
Dec,2006,515,70.8,364,343,22,5.9,London,Ontario,Dec-2006
Jan,2007,515,70.5,363,341,22,6,London,Ontario,Jan-2007
Feb,2007,515,70,361,340,21,5.7,London,Ontario,Feb-2007
Mar,2007,516,69.5,358,337,21,5.9,London,Ontario,Mar-2007
Apr,2007,516,69.1,357,335,22,6,London,Ontario,Apr-2007
May,2007,516,68.4,353,333,21,5.8,London,Ontario,May-2007
Jun,2007,517,67.8,350,330,20,5.8,London,Ontario,Jun-2007
Jul,2007,517,68.1,352,332,20,5.6,London,Ontario,Jul-2007
Aug,2007,518,68.5,355,334,20,5.7,London,Ontario,Aug-2007
Sep,2007,518,69.4,360,339,21,5.8,London,Ontario,Sep-2007
Oct,2007,518,69.7,362,340,21,5.8,London,Ontario,Oct-2007
Nov,2007,519,69.7,361,338,23,6.4,London,Ontario,Nov-2007
Dec,2007,519,69.4,360,335,25,6.9,London,Ontario,Dec-2007
Jan,2008,519,69.1,359,334,25,7,London,Ontario,Jan-2008
Feb,2008,520,68.9,358,334,24,6.8,London,Ontario,Feb-2008
Mar,2008,520,68.6,356,332,24,6.7,London,Ontario,Mar-2008
Apr,2008,520,68.3,355,330,25,7,London,Ontario,Apr-2008
May,2008,521,67.9,354,329,25,7.1,London,Ontario,May-2008
Jun,2008,521,67.6,352,327,25,7.2,London,Ontario,Jun-2008
Jul,2008,522,67.2,351,327,23,6.6,London,Ontario,Jul-2008
Aug,2008,522,67.6,353,331,22,6.2,London,Ontario,Aug-2008
Sep,2008,522,67.8,354,330,24,6.8,London,Ontario,Sep-2008
Oct,2008,523,67.7,354,329,25,6.9,London,Ontario,Oct-2008
Nov,2008,523,67.3,352,325,27,7.5,London,Ontario,Nov-2008
Dec,2008,523,67.4,352,324,28,8,London,Ontario,Dec-2008
Jan,2009,523,67.3,352,320,32,9.1,London,Ontario,Jan-2009
Feb,2009,523,67.5,353,319,34,9.7,London,Ontario,Feb-2009
Mar,2009,523,67.2,352,316,35,10,London,Ontario,Mar-2009
Apr,2009,523,66.4,348,313,35,10,London,Ontario,Apr-2009
May,2009,524,67.1,351,313,39,11.1,London,Ontario,May-2009
Jun,2009,524,67.2,352,315,37,10.5,London,Ontario,Jun-2009
Jul,2009,525,67.1,352,316,36,10.1,London,Ontario,Jul-2009
Aug,2009,525,66.5,349,313,36,10.2,London,Ontario,Aug-2009
Sep,2009,525,66.7,350,314,36,10.3,London,Ontario,Sep-2009
Oct,2009,526,67.1,353,317,36,10.2,London,Ontario,Oct-2009
Nov,2009,526,67.8,357,322,35,9.7,London,Ontario,Nov-2009
Dec,2009,526,67.1,353,321,32,9,London,Ontario,Dec-2009
Jan,2010,526,67,353,322,31,8.8,London,Ontario,Jan-2010
Feb,2010,527,66.4,350,319,31,8.9,London,Ontario,Feb-2010
Mar,2010,527,66.2,349,318,31,8.8,London,Ontario,Mar-2010
Apr,2010,527,66.3,350,320,30,8.5,London,Ontario,Apr-2010
May,2010,528,66.7,352,323,29,8.3,London,Ontario,May-2010
Jun,2010,528,66.9,353,326,27,7.7,London,Ontario,Jun-2010
Jul,2010,529,66.6,352,324,28,7.9,London,Ontario,Jul-2010
Aug,2010,529,66.2,350,320,30,8.5,London,Ontario,Aug-2010
Sep,2010,530,65.2,345,316,30,8.6,London,Ontario,Sep-2010
Oct,2010,530,65.3,346,317,29,8.4,London,Ontario,Oct-2010
Nov,2010,530,65.9,349,321,28,8,London,Ontario,Nov-2010
Dec,2010,530,66,350,321,29,8.3,London,Ontario,Dec-2010
Jan,2011,530,65.7,349,320,29,8.2,London,Ontario,Jan-2011
Feb,2011,531,64.9,344,316,29,8.3,London,Ontario,Feb-2011
Mar,2011,531,65.4,348,318,29,8.5,London,Ontario,Mar-2011
Apr,2011,531,66.2,352,322,30,8.4,London,Ontario,Apr-2011
May,2011,532,66,351,320,31,8.8,London,Ontario,May-2011
Jun,2011,532,65.8,350,318,32,9,London,Ontario,Jun-2011
Jul,2011,532,65.6,349,318,31,9,London,Ontario,Jul-2011
Aug,2011,533,65.8,351,320,31,8.7,London,Ontario,Aug-2011
Sep,2011,533,66,352,321,31,8.8,London,Ontario,Sep-2011
Oct,2011,534,65.5,350,318,31,8.9,London,Ontario,Oct-2011
Nov,2011,534,65.3,349,316,32,9.3,London,Ontario,Nov-2011
Dec,2011,535,64.8,346,315,31,8.9,London,Ontario,Dec-2011
Jan,2012,535,64.8,347,316,31,9,London,Ontario,Jan-2012
Feb,2012,535,64.2,344,314,29,8.5,London,Ontario,Feb-2012
Mar,2012,536,64,343,316,27,7.8,London,Ontario,Mar-2012
Apr,2012,536,64.7,347,320,27,7.7,London,Ontario,Apr-2012
May,2012,536,65.1,349,322,27,7.7,London,Ontario,May-2012
Jun,2012,537,65.5,352,324,27,7.7,London,Ontario,Jun-2012
Jul,2012,537,65.7,353,326,27,7.7,London,Ontario,Jul-2012
Aug,2012,538,65.8,354,325,28,8,London,Ontario,Aug-2012
Sep,2012,538,66.1,355,328,28,7.8,London,Ontario,Sep-2012
Oct,2012,538,65.6,353,323,30,8.6,London,Ontario,Oct-2012
Nov,2012,538,65.2,351,321,30,8.4,London,Ontario,Nov-2012
Dec,2012,539,64.6,348,320,28,8.1,London,Ontario,Dec-2012
Jan,2013,539,64.5,347,321,27,7.6,London,Ontario,Jan-2013
Feb,2013,539,64.7,349,322,27,7.7,London,Ontario,Feb-2013
Mar,2013,539,65.1,351,322,29,8.3,London,Ontario,Mar-2013
Apr,2013,540,65.2,352,323,29,8.4,London,Ontario,Apr-2013
May,2013,540,65.5,354,324,29,8.3,London,Ontario,May-2013
Jun,2013,540,65.6,355,326,29,8.2,London,Ontario,Jun-2013
Jul,2013,541,65.1,352,323,29,8.2,London,Ontario,Jul-2013
Aug,2013,541,64.7,350,321,29,8.2,London,Ontario,Aug-2013
Sep,2013,541,63.8,345,318,27,7.8,London,Ontario,Sep-2013
Oct,2013,542,63.6,344,318,27,7.7,London,Ontario,Oct-2013
Nov,2013,542,63.5,344,320,24,6.8,London,Ontario,Nov-2013
Dec,2013,542,63.7,345,320,25,7.2,London,Ontario,Dec-2013
Jan,2014,542,63.5,344,320,24,7,London,Ontario,Jan-2014
Feb,2014,542,63.8,346,320,26,7.5,London,Ontario,Feb-2014
Mar,2014,543,63.7,346,320,26,7.4,London,Ontario,Mar-2014
Apr,2014,543,64,348,322,26,7.5,London,Ontario,Apr-2014
May,2014,543,64,348,323,25,7.1,London,Ontario,May-2014
Jun,2014,544,63.9,348,324,24,6.8,London,Ontario,Jun-2014
Jul,2014,544,64.5,351,327,24,6.7,London,Ontario,Jul-2014
Aug,2014,544,64.1,349,325,24,6.7,London,Ontario,Aug-2014
Sep,2014,545,63.7,347,323,24,6.8,London,Ontario,Sep-2014
Oct,2014,545,63.1,344,322,22,6.4,London,Ontario,Oct-2014
Nov,2014,545,62.7,342,319,23,6.6,London,Ontario,Nov-2014
Dec,2014,546,62.8,342,321,22,6.3,London,Ontario,Dec-2014
Jan,2015,546,62.8,343,321,22,6.4,London,Ontario,Jan-2015
Feb,2015,546,63.2,345,322,23,6.7,London,Ontario,Feb-2015
Mar,2015,546,63.1,344,321,23,6.8,London,Ontario,Mar-2015
Apr,2015,546,62.1,340,318,22,6.4,London,Ontario,Apr-2015
May,2015,547,61.9,338,321,18,5.3,London,Ontario,May-2015
Jun,2015,547,63.1,345,329,17,4.8,London,Ontario,Jun-2015
Jul,2015,548,64.4,353,335,18,5.2,London,Ontario,Jul-2015
Aug,2015,549,65.5,359,340,19,5.4,London,Ontario,Aug-2015
Sep,2015,549,65.1,358,334,23,6.5,London,Ontario,Sep-2015
Oct,2015,550,65,358,333,25,6.9,London,Ontario,Oct-2015
Nov,2015,550,64.2,354,329,25,7,London,Ontario,Nov-2015
Dec,2015,551,63.6,350,329,21,6.1,London,Ontario,Dec-2015
Jan,2016,551,63.3,349,330,19,5.4,London,Ontario,Jan-2016
Feb,2016,552,63.4,350,329,21,6,London,Ontario,Feb-2016
Mar,2016,553,63.9,353,330,23,6.6,London,Ontario,Mar-2016
Apr,2016,553,64.3,356,329,27,7.5,London,Ontario,Apr-2016
May,2016,554,64.3,356,334,22,6.3,London,Ontario,May-2016
Jun,2016,555,64.6,358,337,22,6,London,Ontario,Jun-2016
Jul,2016,556,64.1,356,335,21,6,London,Ontario,Jul-2016
Aug,2016,557,64.2,358,335,22,6.2,London,Ontario,Aug-2016
Sep,2016,558,63.4,354,333,21,5.9,London,Ontario,Sep-2016
Oct,2016,559,62.8,351,332,19,5.4,London,Ontario,Oct-2016
Nov,2016,560,62.1,348,327,20,5.9,London,Ontario,Nov-2016
Dec,2016,561,62.1,348,326,22,6.3,London,Ontario,Dec-2016
Jan,2017,562,62.2,349,328,22,6.2,London,Ontario,Jan-2017
Feb,2017,563,62.5,352,333,19,5.3,London,Ontario,Feb-2017
Mar,2017,564,63.7,359,339,21,5.8,London,Ontario,Mar-2017
Apr,2017,565,63.7,360,340,20,5.5,London,Ontario,Apr-2017
May,2017,566,64.3,364,342,23,6.2,London,Ontario,May-2017
Jun,2017,568,63.5,360,340,20,5.6,London,Ontario,Jun-2017
Jul,2017,569,63.2,360,341,19,5.2,London,Ontario,Jul-2017
Aug,2017,570,61.7,352,335,17,4.9,London,Ontario,Aug-2017
Sep,2017,571,61,349,330,19,5.3,London,Ontario,Sep-2017
Oct,2017,572,61,349,329,20,5.8,London,Ontario,Oct-2017
Nov,2017,573,61.6,353,332,21,6,London,Ontario,Nov-2017
Dec,2017,575,61.7,354,332,23,6.4,London,Ontario,Dec-2017
Jan,2018,576,61.4,354,330,23,6.6,London,Ontario,Jan-2018
Feb,2018,577,61.8,357,334,23,6.5,London,Ontario,Feb-2018
Mar,2018,578,62.4,361,339,22,6.2,London,Ontario,Mar-2018
Apr,2018,580,62.3,361,341,20,5.6,London,Ontario,Apr-2018
May,2018,581,62.2,362,341,21,5.7,London,Ontario,May-2018
Jun,2018,582,62.8,366,344,22,5.9,London,Ontario,Jun-2018
Jul,2018,583,63.5,371,349,22,5.8,London,Ontario,Jul-2018
Aug,2018,584,63.2,370,348,21,5.8,London,Ontario,Aug-2018
Sep,2018,585,63.7,373,352,21,5.6,London,Ontario,Sep-2018
Oct,2018,586,63.2,370,352,18,4.9,London,Ontario,Oct-2018
Nov,2018,587,62.5,367,347,20,5.5,London,Ontario,Nov-2018
Dec,2018,588,62.2,366,346,20,5.4,London,Ontario,Dec-2018
Jan,2019,589,62.3,367,346,21,5.7,London,Ontario,Jan-2019
Feb,2019,590,62.5,368,348,20,5.5,London,Ontario,Feb-2019
Mar,2019,590,61.9,366,346,20,5.5,London,Ontario,Mar-2019
Apr,2019,591,61.4,363,344,19,5.2,London,Ontario,Apr-2019
May,2019,592,60,355,339,16,4.5,London,Ontario,May-2019
Jun,2019,593,59.8,355,339,16,4.5,London,Ontario,Jun-2019
Jul,2019,595,59.7,355,335,20,5.6,London,Ontario,Jul-2019
Aug,2019,596,60.9,363,342,21,5.9,London,Ontario,Aug-2019
Sep,2019,597,61,364,342,22,6,London,Ontario,Sep-2019
Oct,2019,598,61.4,367,346,21,5.7,London,Ontario,Oct-2019
Nov,2019,600,62.1,372,353,20,5.3,London,Ontario,Nov-2019
Dec,2019,600,62.2,374,354,20,5.2,London,Ontario,Dec-2019
Jan,2020,602,62.6,376,358,18,4.9,London,Ontario,Jan-2020
Feb,2020,603,62.6,377,357,20,5.3,London,Ontario,Feb-2020
Mar,2020,604,61.2,370,341,29,7.7,London,Ontario,Mar-2020
Apr,2020,605,57.5,348,307,41,11.8,London,Ontario,Apr-2020
May,2020,605,59.3,359,311,48,13.3,London,Ontario,May-2020
Jun,2020,606,61.9,375,335,41,10.8,London,Ontario,Jun-2020
Jul,2020,607,62.4,379,348,31,8.2,London,Ontario,Jul-2020
Aug,2020,608,62.5,380,353,27,7.2,London,Ontario,Aug-2020
Sep,2020,609,63.1,384,357,27,7.1,London,Ontario,Sep-2020
Oct,2020,610,62.7,382,354,29,7.5,London,Ontario,Oct-2020
Nov,2020,611,62.2,380,350,30,7.9,London,Ontario,Nov-2020
Dec,2020,611,63.6,389,353,36,9.2,London,Ontario,Dec-2020
Jan,2021,612,63.3,387,352,35,9.1,London,Ontario,Jan-2021
Feb,2021,613,64.6,396,366,30,7.7,London,Ontario,Feb-2021
Mar,2021,614,65,399,373,25,6.3,London,Ontario,Mar-2021
Apr,2021,614,65.4,402,365,37,9.2,London,Ontario,Apr-2021
May,2021,615,65.8,405,363,42,10.3,London,Ontario,May-2021
Jun,2021,616,66.5,410,371,38,9.4,London,Ontario,Jun-2021
Jul,2021,617,66.1,408,376,32,7.8,London,Ontario,Jul-2021
Aug,2021,618,65.5,405,376,29,7.1,London,Ontario,Aug-2021
Sep,2021,620,65.3,405,376,29,7.2,London,Ontario,Sep-2021
Oct,2021,621,65.5,407,379,27,6.7,London,Ontario,Oct-2021
Nov,2021,623,66.2,412,385,27,6.5,London,Ontario,Nov-2021
Dec,2021,624,67.1,419,394,25,5.9,London,Ontario,Dec-2021
Jan,2022,625,66.8,418,389,29,6.9,London,Ontario,Jan-2022
Feb,2022,627,66.8,418,397,21,5,London,Ontario,Feb-2022
Mar,2022,628,67,421,401,20,4.7,London,Ontario,Mar-2022
Apr,2022,629,67.5,425,403,21,5,London,Ontario,Apr-2022
May,2022,631,67.8,427,405,23,5.3,London,Ontario,May-2022
Jun,2022,632,66.9,423,399,23,5.5,London,Ontario,Jun-2022
Jul,2022,633,66.5,421,398,23,5.5,London,Ontario,Jul-2022
Aug,2022,635,65.8,418,393,25,5.9,London,Ontario,Aug-2022
Sep,2022,636,65.8,419,395,24,5.7,London,Ontario,Sep-2022
Oct,2022,638,65.9,420,397,23,5.6,London,Ontario,Oct-2022
Nov,2022,639,65.6,419,398,21,5,London,Ontario,Nov-2022
Dec,2022,640,65.6,420,400,20,4.7,London,Ontario,Dec-2022
Jan,2023,642,66.1,424,404,20,4.8,London,Ontario,Jan-2023
Feb,2023,644,66.1,426,405,21,4.9,London,Ontario,Feb-2023
Mar,2023,646,65.1,421,399,22,5.1,London,Ontario,Mar-2023
Apr,2023,648,64.3,417,397,20,4.7,London,Ontario,Apr-2023
May,2023,650,64,416,395,21,5.1,London,Ontario,May-2023
Jun,2023,652,64,418,396,22,5.2,London,Ontario,Jun-2023
Jul,2023,654,64.1,420,396,23,5.6,London,Ontario,Jul-2023
Aug,2023,657,65.1,427,403,24,5.7,London,Ontario,Aug-2023
Sep,2023,659,66,435,409,26,5.9,London,Ontario,Sep-2023
Oct,2023,661,66.2,438,413,25,5.7,London,Ontario,Oct-2023
Nov,2023,663,65.7,436,411,25,5.8,London,Ontario,Nov-2023
Dec,2023,665,65.5,436,411,24,5.6,London,Ontario,Dec-2023
Jan,2024,668,65.5,438,413,25,5.7,London,Ontario,Jan-2024
Feb,2024,670,65.9,442,416,26,5.9,London,Ontario,Feb-2024
Mar,2024,672,66.2,445,418,27,6.1,London,Ontario,Mar-2024
Apr,2024,675,65.8,444,419,26,5.7,London,Ontario,Apr-2024
May,2024,677,65.7,445,420,25,5.7,London,Ontario,May-2024
Jun,2024,680,65.3,444,416,28,6.3,London,Ontario,Jun-2024
Jul,2024,682,64.8,442,413,30,6.7,London,Ontario,Jul-2024
Aug,2024,684,64,438,406,32,7.3,London,Ontario,Aug-2024
Sep,2024,686,64.1,440,409,30,6.9,London,Ontario,Sep-2024
Oct,2024,688,64.2,442,413,29,6.5,London,Ontario,Oct-2024
Nov,2024,689,65,448,419,30,6.6,London,Ontario,Nov-2024
Dec,2024,691,65.4,452,423,29,6.4,London,Ontario,Dec-2024
Jan,2025,692,65.5,454,426,28,6.2,London,Ontario,Jan-2025
Feb,2025,693,64.8,449,423,26,5.7,London,Ontario,Feb-2025
Mar,2025,694,63.9,444,420,23,5.3,London,Ontario,Mar-2025
Apr,2025,695,63.3,440,414,26,5.9,London,Ontario,Apr-2025
May,2025,696,63.3,440,412,28,6.4,London,Ontario,May-2025
Jan,2006,85,70.5,60,56,4,6.5,oxford,Ontario,Jan-2006
Feb,2006,85,70.1,59,56,4,6.2,oxford,Ontario,Feb-2006
Mar,2006,85,70.7,60,56,4,6,oxford,Ontario,Mar-2006
Apr,2006,85,71.6,61,57,4,6.4,oxford,Ontario,Apr-2006
May,2006,85,71.5,61,57,4,5.9,oxford,Ontario,May-2006
Jun,2006,85,70.9,60,57,3,5.3,oxford,Ontario,Jun-2006
Jul,2006,85,70.1,60,56,4,6.1,oxford,Ontario,Jul-2006
Aug,2006,85,69.7,59,56,3,5.4,oxford,Ontario,Aug-2006
Sep,2006,85,70.4,60,57,3,5.7,oxford,Ontario,Sep-2006
Oct,2006,85,71.2,61,57,3,5.2,oxford,Ontario,Oct-2006
Nov,2006,85,72.2,61,58,3,5.3,oxford,Ontario,Nov-2006
Dec,2006,85,72.7,62,58,4,6,oxford,Ontario,Dec-2006
Jan,2007,85,72.4,62,58,4,6.2,oxford,Ontario,Jan-2007
Feb,2007,85,72,61,58,4,5.7,oxford,Ontario,Feb-2007
Mar,2007,85,71.4,61,57,4,6.3,oxford,Ontario,Mar-2007
Apr,2007,85,71.1,60,56,4,7.3,oxford,Ontario,Apr-2007
May,2007,85,70.4,60,57,3,5.6,oxford,Ontario,May-2007
Jun,2007,85,69.8,59,56,3,5.4,oxford,Ontario,Jun-2007
Jul,2007,85,70.1,60,57,3,5.3,oxford,Ontario,Jul-2007
Aug,2007,85,70.6,60,57,3,5.4,oxford,Ontario,Aug-2007
Sep,2007,85,71.5,61,58,3,5.3,oxford,Ontario,Sep-2007
Oct,2007,85,71.8,61,58,3,5.5,oxford,Ontario,Oct-2007
Nov,2007,85,71.8,61,58,4,5.9,oxford,Ontario,Nov-2007
Dec,2007,85,71.5,61,57,4,6.7,oxford,Ontario,Dec-2007
Jan,2008,85,71.2,61,57,4,6.9,oxford,Ontario,Jan-2008
Feb,2008,86,71,61,57,4,6.5,oxford,Ontario,Feb-2008
Mar,2008,86,70.6,60,56,4,6.6,oxford,Ontario,Mar-2008
Apr,2008,86,70.3,60,57,4,6.1,oxford,Ontario,Apr-2008
May,2008,86,70,60,56,4,7.2,oxford,Ontario,May-2008
Jun,2008,86,69.6,60,55,4,7.3,oxford,Ontario,Jun-2008
Jul,2008,86,69.2,59,55,4,6.7,oxford,Ontario,Jul-2008
Aug,2008,86,69.6,60,56,4,6.4,oxford,Ontario,Aug-2008
Sep,2008,86,69.9,60,56,4,6.9,oxford,Ontario,Sep-2008
Oct,2008,86,69.8,60,56,4,7.1,oxford,Ontario,Oct-2008
Nov,2008,86,69.3,60,54,6,9.2,oxford,Ontario,Nov-2008
Dec,2008,86,69.5,60,55,5,7.8,oxford,Ontario,Dec-2008
Jan,2009,86,69.3,60,53,7,11.1,oxford,Ontario,Jan-2009
Feb,2009,86,69.5,60,53,7,11.6,oxford,Ontario,Feb-2009
Mar,2009,86,69.3,60,52,7,12,oxford,Ontario,Mar-2009
Apr,2009,86,68.5,59,52,7,12.4,oxford,Ontario,Apr-2009
May,2009,86,69.2,60,51,9,14.4,oxford,Ontario,May-2009
Jun,2009,86,69.3,60,52,8,12.5,oxford,Ontario,Jun-2009
Jul,2009,86,69.2,60,53,7,11,oxford,Ontario,Jul-2009
Aug,2009,86,68.6,59,52,7,11.2,oxford,Ontario,Aug-2009
Sep,2009,86,68.8,59,53,7,11.2,oxford,Ontario,Sep-2009
Oct,2009,86,69.2,60,53,7,10.9,oxford,Ontario,Oct-2009
Nov,2009,86,69.9,60,54,6,10.7,oxford,Ontario,Nov-2009
Dec,2009,86,69.2,60,54,6,9.3,oxford,Ontario,Dec-2009
Jan,2010,86,69,60,54,6,9.2,oxford,Ontario,Jan-2010
Feb,2010,87,68.4,59,54,6,9.4,oxford,Ontario,Feb-2010
Mar,2010,87,68.1,59,54,5,9.2,oxford,Ontario,Mar-2010
Apr,2010,87,68.3,59,54,5,8.7,oxford,Ontario,Apr-2010
May,2010,87,68.7,60,55,5,8.5,oxford,Ontario,May-2010
Jun,2010,87,68.9,60,55,5,7.5,oxford,Ontario,Jun-2010
Jul,2010,87,68.5,60,55,5,7.5,oxford,Ontario,Jul-2010
Aug,2010,87,68.1,59,54,5,8.2,oxford,Ontario,Aug-2010
Sep,2010,87,67.1,58,54,5,7.9,oxford,Ontario,Sep-2010
Oct,2010,87,67.1,59,54,5,8,oxford,Ontario,Oct-2010
Nov,2010,87,67.7,59,55,5,7.7,oxford,Ontario,Nov-2010
Dec,2010,87,67.9,59,55,5,7.6,oxford,Ontario,Dec-2010
Jan,2011,87,67.5,59,54,5,8.1,oxford,Ontario,Jan-2011
Feb,2011,87,66.7,58,54,5,8.1,oxford,Ontario,Feb-2011
Mar,2011,87,67.2,59,54,5,8.4,oxford,Ontario,Mar-2011
Apr,2011,88,68,59,55,5,8.3,oxford,Ontario,Apr-2011
May,2011,88,67.7,59,54,5,9.2,oxford,Ontario,May-2011
Jun,2011,88,67.5,59,53,6,10.3,oxford,Ontario,Jun-2011
Jul,2011,88,67.2,59,53,6,9.5,oxford,Ontario,Jul-2011
Aug,2011,88,67.5,59,54,5,8.9,oxford,Ontario,Aug-2011
Sep,2011,88,67.7,60,55,5,8.4,oxford,Ontario,Sep-2011
Oct,2011,88,67.2,59,54,5,8.4,oxford,Ontario,Oct-2011
Nov,2011,88,66.9,59,54,5,8.8,oxford,Ontario,Nov-2011
Dec,2011,88,66.4,59,54,5,8.3,oxford,Ontario,Dec-2011
Jan,2012,88,66.5,59,54,5,8.6,oxford,Ontario,Jan-2012
Feb,2012,89,65.9,58,54,5,8.1,oxford,Ontario,Feb-2012
Mar,2012,89,65.7,58,54,4,7.5,oxford,Ontario,Mar-2012
Apr,2012,89,66.4,59,55,4,7.3,oxford,Ontario,Apr-2012
May,2012,89,66.8,59,55,4,7.1,oxford,Ontario,May-2012
Jun,2012,89,67.1,60,56,4,6.9,oxford,Ontario,Jun-2012
Jul,2012,89,67.4,60,56,4,7.2,oxford,Ontario,Jul-2012
Aug,2012,89,67.5,60,56,5,7.5,oxford,Ontario,Aug-2012
Sep,2012,89,67.8,60,56,4,7.3,oxford,Ontario,Sep-2012
Oct,2012,89,67.4,60,55,5,8.1,oxford,Ontario,Oct-2012
Nov,2012,89,66.9,60,55,5,8.4,oxford,Ontario,Nov-2012
Dec,2012,89,66.4,59,55,5,7.9,oxford,Ontario,Dec-2012
Jan,2013,89,66.2,59,55,5,7.5,oxford,Ontario,Jan-2013
Feb,2013,89,66.5,59,55,5,7.6,oxford,Ontario,Feb-2013
Mar,2013,89,67,60,55,5,8.1,oxford,Ontario,Mar-2013
Apr,2013,90,67.1,60,55,5,8.3,oxford,Ontario,Apr-2013
May,2013,90,67.4,60,55,5,8.4,oxford,Ontario,May-2013
Jun,2013,90,67.5,61,56,5,8.1,oxford,Ontario,Jun-2013
Jul,2013,90,67,60,55,5,8,oxford,Ontario,Jul-2013
Aug,2013,90,66.6,60,55,5,7.9,oxford,Ontario,Aug-2013
Sep,2013,90,65.6,59,55,4,7.5,oxford,Ontario,Sep-2013
Oct,2013,90,65.5,59,55,4,7.5,oxford,Ontario,Oct-2013
Nov,2013,90,65.3,59,55,4,6.4,oxford,Ontario,Nov-2013
Dec,2013,90,65.5,59,55,4,6.5,oxford,Ontario,Dec-2013
Jan,2014,90,65.4,59,55,4,6.6,oxford,Ontario,Jan-2014
Feb,2014,90,65.7,59,55,4,7.3,oxford,Ontario,Feb-2014
Mar,2014,90,65.5,59,55,4,7.1,oxford,Ontario,Mar-2014
Apr,2014,90,65.9,60,55,4,7.1,oxford,Ontario,Apr-2014
May,2014,91,65.8,60,56,4,6.7,oxford,Ontario,May-2014
Jun,2014,91,65.8,60,56,4,6.2,oxford,Ontario,Jun-2014
Jul,2014,91,66.3,60,56,4,6.3,oxford,Ontario,Jul-2014
Aug,2014,91,66,60,56,4,6.3,oxford,Ontario,Aug-2014
Sep,2014,91,65.6,60,56,4,6.4,oxford,Ontario,Sep-2014
Oct,2014,91,65,59,55,4,6.2,oxford,Ontario,Oct-2014
Nov,2014,91,64.6,59,55,4,6.4,oxford,Ontario,Nov-2014
Dec,2014,91,64.7,59,55,4,6.1,oxford,Ontario,Dec-2014
Jan,2015,91,64.8,59,55,4,6.2,oxford,Ontario,Jan-2015
Feb,2015,91,65.2,59,55,4,6.6,oxford,Ontario,Feb-2015
Mar,2015,91,65.1,59,55,4,6.6,oxford,Ontario,Mar-2015
Apr,2015,91,64.2,59,55,4,6.4,oxford,Ontario,Apr-2015
May,2015,91,63.9,58,55,3,5.1,oxford,Ontario,May-2015
Jun,2015,91,65.2,60,57,3,4.6,oxford,Ontario,Jun-2015
Jul,2015,91,66.6,61,58,3,5.1,oxford,Ontario,Jul-2015
Aug,2015,92,67.7,62,59,3,5.3,oxford,Ontario,Aug-2015
Sep,2015,92,67.4,62,58,4,6.5,oxford,Ontario,Sep-2015
Oct,2015,92,67.4,62,57,4,7,oxford,Ontario,Oct-2015
Nov,2015,92,66.6,61,57,4,7.1,oxford,Ontario,Nov-2015
Dec,2015,92,66,61,57,4,6.1,oxford,Ontario,Dec-2015
Jan,2016,92,65.7,60,57,3,5.5,oxford,Ontario,Jan-2016
Feb,2016,92,65.8,61,57,4,6.1,oxford,Ontario,Feb-2016
Mar,2016,92,66.3,61,57,4,6.7,oxford,Ontario,Mar-2016
Apr,2016,92,66.8,62,57,5,7.6,oxford,Ontario,Apr-2016
May,2016,92,66.8,62,58,4,6.3,oxford,Ontario,May-2016
Jun,2016,93,67.1,62,58,4,5.8,oxford,Ontario,Jun-2016
Jul,2016,93,66.7,62,58,4,5.9,oxford,Ontario,Jul-2016
Aug,2016,93,66.8,62,58,4,6.2,oxford,Ontario,Aug-2016
Sep,2016,93,66,61,58,4,6.1,oxford,Ontario,Sep-2016
Oct,2016,93,65.3,61,57,3,5.6,oxford,Ontario,Oct-2016
Nov,2016,93,64.6,60,57,4,6.1,oxford,Ontario,Nov-2016
Dec,2016,93,64.6,60,56,4,6.5,oxford,Ontario,Dec-2016
Jan,2017,94,64.7,61,57,4,6.2,oxford,Ontario,Jan-2017
Feb,2017,94,65.1,61,58,3,5.3,oxford,Ontario,Feb-2017
Mar,2017,94,66.3,62,59,4,5.9,oxford,Ontario,Mar-2017
Apr,2017,94,66.4,62,59,4,5.6,oxford,Ontario,Apr-2017
May,2017,94,66.9,63,59,4,6.1,oxford,Ontario,May-2017
Jun,2017,94,66.1,62,59,3,5.5,oxford,Ontario,Jun-2017
Jul,2017,95,65.8,62,59,3,5.3,oxford,Ontario,Jul-2017
Aug,2017,95,64.3,61,58,3,4.9,oxford,Ontario,Aug-2017
Sep,2017,95,63.6,60,57,4,5.8,oxford,Ontario,Sep-2017
Oct,2017,95,63.6,60,56,5,7.4,oxford,Ontario,Oct-2017
Nov,2017,95,64.1,61,57,4,6.4,oxford,Ontario,Nov-2017
Dec,2017,95,64.3,61,57,4,6.9,oxford,Ontario,Dec-2017
Jan,2018,96,64,61,57,4,7,oxford,Ontario,Jan-2018
Feb,2018,96,64.5,62,57,4,6.9,oxford,Ontario,Feb-2018
Mar,2018,96,65.1,62,58,4,6.5,oxford,Ontario,Mar-2018
Apr,2018,96,65,63,59,4,5.9,oxford,Ontario,Apr-2018
May,2018,96,64.9,63,59,4,5.9,oxford,Ontario,May-2018
Jun,2018,96,65.5,63,59,4,6,oxford,Ontario,Jun-2018
Jul,2018,97,66.3,64,60,4,6,oxford,Ontario,Jul-2018
Aug,2018,97,66,64,60,4,6,oxford,Ontario,Aug-2018
Sep,2018,97,66.5,65,61,4,5.9,oxford,Ontario,Sep-2018
Oct,2018,97,65.9,64,61,3,5.2,oxford,Ontario,Oct-2018
Nov,2018,97,65.2,63,60,4,5.8,oxford,Ontario,Nov-2018
Dec,2018,97,64.9,63,60,4,5.7,oxford,Ontario,Dec-2018
Jan,2019,97,65,63,60,4,5.8,oxford,Ontario,Jan-2019
Feb,2019,98,65.2,64,60,4,5.7,oxford,Ontario,Feb-2019
Mar,2019,98,64.6,63,59,4,5.8,oxford,Ontario,Mar-2019
Apr,2019,98,64,63,59,4,5.9,oxford,Ontario,Apr-2019
May,2019,98,62.6,61,58,3,4.9,oxford,Ontario,May-2019
Jun,2019,98,62.4,61,58,3,4.8,oxford,Ontario,Jun-2019
Jul,2019,98,62.3,61,58,4,5.8,oxford,Ontario,Jul-2019
Aug,2019,99,63.5,63,59,4,6.2,oxford,Ontario,Aug-2019
Sep,2019,99,63.6,63,59,4,6.6,oxford,Ontario,Sep-2019
Oct,2019,99,64,63,59,4,6.2,oxford,Ontario,Oct-2019
Nov,2019,99,64.8,64,60,4,5.9,oxford,Ontario,Nov-2019
Dec,2019,99,64.9,64,61,4,5.7,oxford,Ontario,Dec-2019
Jan,2020,100,65.2,65,62,3,5.3,oxford,Ontario,Jan-2020
Feb,2020,100,65.3,65,61,4,5.7,oxford,Ontario,Feb-2020
Mar,2020,100,63.8,64,58,5,8.2,oxford,Ontario,Mar-2020
Apr,2020,100,59.9,60,51,9,14.4,oxford,Ontario,Apr-2020
May,2020,100,61.8,62,51,10,16.8,oxford,Ontario,May-2020
Jun,2020,100,64.4,65,57,8,12.2,oxford,Ontario,Jun-2020
Jul,2020,100,64.9,65,59,6,9.2,oxford,Ontario,Jul-2020
Aug,2020,101,65,65,60,5,8.3,oxford,Ontario,Aug-2020
Sep,2020,101,65.6,66,61,6,8.5,oxford,Ontario,Sep-2020
Oct,2020,101,65.1,66,61,5,7.2,oxford,Ontario,Oct-2020
Nov,2020,101,64.6,65,61,5,7.5,oxford,Ontario,Nov-2020
Dec,2020,101,66,67,61,6,8.7,oxford,Ontario,Dec-2020
Jan,2021,102,65.6,67,61,6,8.4,oxford,Ontario,Jan-2021
Feb,2021,102,66.9,68,63,5,7.6,oxford,Ontario,Feb-2021
Mar,2021,102,67.3,69,64,4,6.5,oxford,Ontario,Mar-2021
Apr,2021,102,67.7,69,63,6,9.2,oxford,Ontario,Apr-2021
May,2021,102,68,70,63,7,10.2,oxford,Ontario,May-2021
Jun,2021,103,68.7,71,64,6,8.6,oxford,Ontario,Jun-2021
Jul,2021,103,68.2,70,65,5,7.7,oxford,Ontario,Jul-2021
Aug,2021,103,67.7,70,65,5,7.3,oxford,Ontario,Aug-2021
Sep,2021,103,67.5,70,64,6,8.3,oxford,Ontario,Sep-2021
Oct,2021,103,67.6,70,64,6,8,oxford,Ontario,Oct-2021
Nov,2021,104,68.4,71,66,5,7.2,oxford,Ontario,Nov-2021
Dec,2021,104,69.3,72,67,5,6.6,oxford,Ontario,Dec-2021
Jan,2022,104,68.9,72,66,5,7.2,oxford,Ontario,Jan-2022
Feb,2022,104,68.9,72,68,4,5.2,oxford,Ontario,Feb-2022
Mar,2022,104,69.2,72,69,4,4.9,oxford,Ontario,Mar-2022
Apr,2022,104,69.6,73,69,4,5.3,oxford,Ontario,Apr-2022
May,2022,105,69.9,73,69,5,6.2,oxford,Ontario,May-2022
Jun,2022,105,69.1,72,67,5,6.7,oxford,Ontario,Jun-2022
Jul,2022,105,68.6,72,67,5,6.4,oxford,Ontario,Jul-2022
Aug,2022,105,67.9,71,66,5,6.8,oxford,Ontario,Aug-2022
Sep,2022,105,67.9,71,67,5,6.8,oxford,Ontario,Sep-2022
Oct,2022,105,68,72,67,5,6.7,oxford,Ontario,Oct-2022
Nov,2022,105,67.7,71,67,4,5.8,oxford,Ontario,Nov-2022
Dec,2022,106,67.7,72,68,4,5.3,oxford,Ontario,Dec-2022
Jan,2023,106,68.2,72,68,4,5.1,oxford,Ontario,Jan-2023
Feb,2023,106,68.2,72,69,4,5.3,oxford,Ontario,Feb-2023
Mar,2023,106,67.2,71,68,4,5.4,oxford,Ontario,Mar-2023
Apr,2023,106,66.4,71,67,4,5.1,oxford,Ontario,Apr-2023
May,2023,107,66,70,67,4,5.6,oxford,Ontario,May-2023
Jun,2023,107,66.1,71,67,4,5.7,oxford,Ontario,Jun-2023
Jul,2023,107,66.2,71,67,4,6.2,oxford,Ontario,Jul-2023
Aug,2023,108,67.2,72,68,5,6.2,oxford,Ontario,Aug-2023
Sep,2023,108,68.1,74,69,5,6.6,oxford,Ontario,Sep-2023
Oct,2023,108,68.4,74,69,5,6.6,oxford,Ontario,Oct-2023
Nov,2023,109,67.8,74,69,5,6.9,oxford,Ontario,Nov-2023
Dec,2023,109,67.6,74,69,5,6.5,oxford,Ontario,Dec-2023
Jan,2024,109,67.7,74,69,5,6.4,oxford,Ontario,Jan-2024
Feb,2024,110,68,75,70,5,6.6,oxford,Ontario,Feb-2024
Mar,2024,110,68.4,75,70,5,6.7,oxford,Ontario,Mar-2024
Apr,2024,111,68,75,70,5,6.3,oxford,Ontario,Apr-2024
May,2024,111,67.9,75,71,5,6.1,oxford,Ontario,May-2024
Jun,2024,111,67.5,75,70,5,6.7,oxford,Ontario,Jun-2024
Jul,2024,112,67,75,70,5,6.9,oxford,Ontario,Jul-2024
Aug,2024,112,66.1,74,68,6,7.6,oxford,Ontario,Aug-2024
Sep,2024,112,66.2,74,69,6,7.6,oxford,Ontario,Sep-2024
Oct,2024,113,66.3,75,69,5,7.1,oxford,Ontario,Oct-2024
Nov,2024,113,67.2,76,70,6,7.5,oxford,Ontario,Nov-2024
Dec,2024,113,67.5,76,71,6,7.2,oxford,Ontario,Dec-2024
Jan,2025,113,67.7,77,71,5,6.9,oxford,Ontario,Jan-2025
Feb,2025,113,66.9,76,71,5,6.2,oxford,Ontario,Feb-2025
Mar,2025,114,66,75,71,4,5.9,oxford,Ontario,Mar-2025
Apr,2025,114,65.3,74,69,5,6.5,oxford,Ontario,Apr-2025
May,2025,114,65.3,74,69,5,6.9,oxford,Ontario,May-2025
Jan,2006,70,69.3,48,43,5,10.2,Elgin,Ontario,Jan-2006
Feb,2006,70,68.8,48,43,5,10.3,Elgin,Ontario,Feb-2006
Mar,2006,70,69.4,48,44,5,9.6,Elgin,Ontario,Mar-2006
Apr,2006,70,70.2,49,45,4,7.9,Elgin,Ontario,Apr-2006
May,2006,70,70,49,46,3,6.5,Elgin,Ontario,May-2006
Jun,2006,70,69.3,49,46,3,6,Elgin,Ontario,Jun-2006
Jul,2006,70,68.5,48,45,3,6.7,Elgin,Ontario,Jul-2006
Aug,2006,70,68,48,44,4,8.1,Elgin,Ontario,Aug-2006
Sep,2006,70,68.7,48,45,3,6.7,Elgin,Ontario,Sep-2006
Oct,2006,70,69.4,49,45,4,8.5,Elgin,Ontario,Oct-2006
Nov,2006,70,70.2,49,45,5,9.5,Elgin,Ontario,Nov-2006
Dec,2006,70,70.7,50,46,4,7.3,Elgin,Ontario,Dec-2006
Jan,2007,71,70.3,50,46,4,7.1,Elgin,Ontario,Jan-2007
Feb,2007,71,69.8,49,46,4,7.5,Elgin,Ontario,Feb-2007
Mar,2007,71,69.2,49,45,4,7.5,Elgin,Ontario,Mar-2007
Apr,2007,71,68.8,49,45,4,7.6,Elgin,Ontario,Apr-2007
May,2007,71,68.1,48,44,4,7.6,Elgin,Ontario,May-2007
Jun,2007,71,67.4,48,44,4,8,Elgin,Ontario,Jun-2007
Jul,2007,71,67.6,48,44,4,7.6,Elgin,Ontario,Jul-2007
Aug,2007,71,68.1,48,45,4,7.6,Elgin,Ontario,Aug-2007
Sep,2007,71,69,49,45,4,8.1,Elgin,Ontario,Sep-2007
Oct,2007,71,69.3,49,45,4,7.9,Elgin,Ontario,Oct-2007
Nov,2007,71,69.2,49,45,4,8.8,Elgin,Ontario,Nov-2007
Dec,2007,71,68.9,49,44,5,9.4,Elgin,Ontario,Dec-2007
Jan,2008,71,68.6,49,44,5,9.7,Elgin,Ontario,Jan-2008
Feb,2008,71,68.4,49,44,4,9.1,Elgin,Ontario,Feb-2008
Mar,2008,71,68,48,44,4,8.8,Elgin,Ontario,Mar-2008
Apr,2008,71,67.7,48,42,6,11.8,Elgin,Ontario,Apr-2008
May,2008,71,67.3,48,43,4,9.1,Elgin,Ontario,May-2008
Jun,2008,71,66.9,48,44,4,7.9,Elgin,Ontario,Jun-2008
Jul,2008,71,66.6,47,44,4,7.7,Elgin,Ontario,Jul-2008
Aug,2008,71,66.9,48,44,3,7,Elgin,Ontario,Aug-2008
Sep,2008,71,67.2,48,44,4,8.4,Elgin,Ontario,Sep-2008
Oct,2008,71,67.1,48,44,4,8.8,Elgin,Ontario,Oct-2008
Nov,2008,71,66.6,47,43,5,9.7,Elgin,Ontario,Nov-2008
Dec,2008,71,66.7,47,41,6,13,Elgin,Ontario,Dec-2008
Jan,2009,71,66.6,47,41,6,13.5,Elgin,Ontario,Jan-2009
Feb,2009,71,66.7,47,41,7,14.6,Elgin,Ontario,Feb-2009
Mar,2009,71,66.5,47,40,7,15.1,Elgin,Ontario,Mar-2009
Apr,2009,71,65.7,47,40,6,13.7,Elgin,Ontario,Apr-2009
May,2009,71,66.4,47,40,7,15.5,Elgin,Ontario,May-2009
Jun,2009,71,66.4,47,40,7,15.6,Elgin,Ontario,Jun-2009
Jul,2009,71,66.3,47,40,7,15.3,Elgin,Ontario,Jul-2009
Aug,2009,71,65.7,47,40,7,14,Elgin,Ontario,Aug-2009
Sep,2009,71,65.9,47,40,7,14.1,Elgin,Ontario,Sep-2009
Oct,2009,71,66.3,47,41,7,13.7,Elgin,Ontario,Oct-2009
Nov,2009,71,67,48,41,6,13.3,Elgin,Ontario,Nov-2009
Dec,2009,71,66.2,47,41,6,12.2,Elgin,Ontario,Dec-2009
Jan,2010,71,66.1,47,41,6,12.1,Elgin,Ontario,Jan-2010
Feb,2010,71,65.5,47,41,6,12.4,Elgin,Ontario,Feb-2010
Mar,2010,71,65.2,47,41,6,12.1,Elgin,Ontario,Mar-2010
Apr,2010,71,65.4,47,41,6,11.8,Elgin,Ontario,Apr-2010
May,2010,71,65.7,47,42,5,11.1,Elgin,Ontario,May-2010
Jun,2010,71,65.8,47,42,5,10.2,Elgin,Ontario,Jun-2010
Jul,2010,71,65.5,47,42,5,10.4,Elgin,Ontario,Jul-2010
Aug,2010,72,65.1,47,42,5,10.8,Elgin,Ontario,Aug-2010
Sep,2010,72,64.1,46,40,6,12.1,Elgin,Ontario,Sep-2010
Oct,2010,72,64.2,46,41,5,10.6,Elgin,Ontario,Oct-2010
Nov,2010,72,64.7,46,42,5,10.3,Elgin,Ontario,Nov-2010
Dec,2010,72,64.9,46,42,5,10.7,Elgin,Ontario,Dec-2010
Jan,2011,72,64.5,46,41,5,10.5,Elgin,Ontario,Jan-2011
Feb,2011,72,63.7,46,41,5,10.5,Elgin,Ontario,Feb-2011
Mar,2011,72,64.2,46,41,5,10.5,Elgin,Ontario,Mar-2011
Apr,2011,72,64.9,47,42,5,10,Elgin,Ontario,Apr-2011
May,2011,72,64.7,46,42,5,10.1,Elgin,Ontario,May-2011
Jun,2011,72,64.5,46,42,5,10.2,Elgin,Ontario,Jun-2011
Jul,2011,72,64.2,46,42,5,10,Elgin,Ontario,Jul-2011
Aug,2011,72,64.5,46,42,5,9.7,Elgin,Ontario,Aug-2011
Sep,2011,72,64.7,47,42,5,9.8,Elgin,Ontario,Sep-2011
Oct,2011,72,64.2,46,41,5,11,Elgin,Ontario,Oct-2011
Nov,2011,72,64,46,41,6,12,Elgin,Ontario,Nov-2011
Dec,2011,72,63.6,46,40,5,11.6,Elgin,Ontario,Dec-2011
Jan,2012,72,63.7,46,40,6,12,Elgin,Ontario,Jan-2012
Feb,2012,72,63.1,45,40,5,11.7,Elgin,Ontario,Feb-2012
Mar,2012,72,62.9,45,41,5,10.4,Elgin,Ontario,Mar-2012
Apr,2012,72,63.6,46,41,5,10,Elgin,Ontario,Apr-2012
May,2012,72,64,46,42,4,9.6,Elgin,Ontario,May-2012
Jun,2012,72,64.4,46,42,4,9.2,Elgin,Ontario,Jun-2012
Jul,2012,72,64.7,47,42,4,9.1,Elgin,Ontario,Jul-2012
Aug,2012,72,64.7,47,42,4,9.3,Elgin,Ontario,Aug-2012
Sep,2012,72,65,47,43,4,9.1,Elgin,Ontario,Sep-2012
Oct,2012,72,64.6,47,42,5,10.2,Elgin,Ontario,Oct-2012
Nov,2012,72,64.1,46,42,5,10.2,Elgin,Ontario,Nov-2012
Dec,2012,72,63.6,46,41,5,10,Elgin,Ontario,Dec-2012
Jan,2013,72,63.4,46,41,4,9.3,Elgin,Ontario,Jan-2013
Feb,2013,72,63.6,46,41,4,9.7,Elgin,Ontario,Feb-2013
Mar,2013,72,64.1,46,41,5,10.5,Elgin,Ontario,Mar-2013
Apr,2013,72,64.2,46,42,5,10.3,Elgin,Ontario,Apr-2013
May,2013,72,64.5,47,42,5,9.8,Elgin,Ontario,May-2013
Jun,2013,72,64.6,47,42,5,9.8,Elgin,Ontario,Jun-2013
Jul,2013,72,64.1,46,42,5,9.7,Elgin,Ontario,Jul-2013
Aug,2013,72,63.7,46,42,5,9.8,Elgin,Ontario,Aug-2013
Sep,2013,72,62.8,45,41,4,9,Elgin,Ontario,Sep-2013
Oct,2013,72,62.6,45,41,4,9.3,Elgin,Ontario,Oct-2013
Nov,2013,72,62.5,45,41,4,8.5,Elgin,Ontario,Nov-2013
Dec,2013,72,62.7,45,41,4,8.9,Elgin,Ontario,Dec-2013
Jan,2014,72,62.5,45,41,4,8.9,Elgin,Ontario,Jan-2014
Feb,2014,72,62.8,45,41,4,9.7,Elgin,Ontario,Feb-2014
Mar,2014,72,62.7,45,41,4,9.3,Elgin,Ontario,Mar-2014
Apr,2014,72,63.1,46,42,4,9.1,Elgin,Ontario,Apr-2014
May,2014,72,63,46,42,4,8.3,Elgin,Ontario,May-2014
Jun,2014,72,63,46,42,3,7.4,Elgin,Ontario,Jun-2014
Jul,2014,72,63.5,46,43,4,7.5,Elgin,Ontario,Jul-2014
Aug,2014,72,63.1,46,42,3,7.4,Elgin,Ontario,Aug-2014
Sep,2014,73,62.7,46,42,3,7.6,Elgin,Ontario,Sep-2014
Oct,2014,73,62.2,45,42,3,7.2,Elgin,Ontario,Oct-2014
Nov,2014,73,61.8,45,41,4,7.8,Elgin,Ontario,Nov-2014
Dec,2014,73,61.9,45,41,3,7.6,Elgin,Ontario,Dec-2014
Jan,2015,73,61.9,45,41,4,7.8,Elgin,Ontario,Jan-2015
Feb,2015,73,62.3,45,41,4,8.3,Elgin,Ontario,Feb-2015
Mar,2015,73,62.2,45,41,4,8.4,Elgin,Ontario,Mar-2015
Apr,2015,73,61.3,44,41,3,7.8,Elgin,Ontario,Apr-2015
May,2015,73,61,44,42,3,6,Elgin,Ontario,May-2015
Jun,2015,73,62.2,45,43,2,5.4,Elgin,Ontario,Jun-2015
Jul,2015,73,63.5,46,44,3,5.5,Elgin,Ontario,Jul-2015
Aug,2015,73,64.6,47,44,3,5.8,Elgin,Ontario,Aug-2015
Sep,2015,73,64.2,47,43,4,7.4,Elgin,Ontario,Sep-2015
Oct,2015,73,64.2,47,43,4,8,Elgin,Ontario,Oct-2015
Nov,2015,73,63.4,46,42,4,8.2,Elgin,Ontario,Nov-2015
Dec,2015,73,62.8,46,43,3,7.2,Elgin,Ontario,Dec-2015
Jan,2016,73,62.6,46,43,3,6.6,Elgin,Ontario,Jan-2016
Feb,2016,73,62.7,46,42,3,7.4,Elgin,Ontario,Feb-2016
Mar,2016,73,63.1,46,43,4,7.8,Elgin,Ontario,Mar-2016
Apr,2016,73,63.6,46,42,4,8.9,Elgin,Ontario,Apr-2016
May,2016,73,63.5,47,43,3,6.9,Elgin,Ontario,May-2016
Jun,2016,73,63.9,47,44,3,6.5,Elgin,Ontario,Jun-2016
Jul,2016,73,63.4,47,44,3,6.4,Elgin,Ontario,Jul-2016
Aug,2016,73,63.6,47,44,3,6.7,Elgin,Ontario,Aug-2016
Sep,2016,74,62.8,46,43,3,6.3,Elgin,Ontario,Sep-2016
Oct,2016,74,62.2,46,43,3,6,Elgin,Ontario,Oct-2016
Nov,2016,74,61.6,45,42,3,6.9,Elgin,Ontario,Nov-2016
Dec,2016,74,61.5,45,42,3,7.5,Elgin,Ontario,Dec-2016
Jan,2017,74,61.7,46,42,4,8,Elgin,Ontario,Jan-2017
Feb,2017,74,62.1,46,43,3,6.9,Elgin,Ontario,Feb-2017
Mar,2017,74,63.3,47,44,3,7.1,Elgin,Ontario,Mar-2017
Apr,2017,74,63.3,47,44,3,6.7,Elgin,Ontario,Apr-2017
May,2017,74,63.9,47,44,3,7.2,Elgin,Ontario,May-2017
Jun,2017,74,63.1,47,44,3,6.3,Elgin,Ontario,Jun-2017
Jul,2017,74,62.9,47,44,3,6,Elgin,Ontario,Jul-2017
Aug,2017,75,61.4,46,43,3,5.4,Elgin,Ontario,Aug-2017
Sep,2017,75,60.8,45,43,3,5.9,Elgin,Ontario,Sep-2017
Oct,2017,75,60.8,45,43,3,6.5,Elgin,Ontario,Oct-2017
Nov,2017,75,61.3,46,43,3,6.9,Elgin,Ontario,Nov-2017
Dec,2017,75,61.5,46,43,4,7.6,Elgin,Ontario,Dec-2017
Jan,2018,75,61.2,46,42,4,8.1,Elgin,Ontario,Jan-2018
Feb,2018,75,61.7,46,43,4,8.1,Elgin,Ontario,Feb-2018
Mar,2018,75,62.3,47,43,4,7.4,Elgin,Ontario,Mar-2018
Apr,2018,75,62.2,47,44,3,6.5,Elgin,Ontario,Apr-2018
May,2018,75,62.2,47,44,3,6.5,Elgin,Ontario,May-2018
Jun,2018,76,62.8,47,44,3,6.4,Elgin,Ontario,Jun-2018
Jul,2018,76,63.5,48,45,3,6.4,Elgin,Ontario,Jul-2018
Aug,2018,76,63.2,48,45,3,6.4,Elgin,Ontario,Aug-2018
Sep,2018,76,63.7,48,45,3,6.2,Elgin,Ontario,Sep-2018
Oct,2018,76,63.2,48,45,3,5.4,Elgin,Ontario,Oct-2018
Nov,2018,76,62.5,48,45,3,6.3,Elgin,Ontario,Nov-2018
Dec,2018,76,62.2,47,44,3,6.4,Elgin,Ontario,Dec-2018
Jan,2019,76,62.3,48,44,3,6.9,Elgin,Ontario,Jan-2019
Feb,2019,76,62.4,48,44,3,7,Elgin,Ontario,Feb-2019
Mar,2019,76,61.9,47,44,3,6.7,Elgin,Ontario,Mar-2019
Apr,2019,77,61.3,47,44,3,6.3,Elgin,Ontario,Apr-2019
May,2019,77,60,46,44,2,5.3,Elgin,Ontario,May-2019
Jun,2019,77,59.8,46,44,2,5.1,Elgin,Ontario,Jun-2019
Jul,2019,77,59.6,46,43,3,6.5,Elgin,Ontario,Jul-2019
Aug,2019,77,60.8,47,44,3,6.8,Elgin,Ontario,Aug-2019
Sep,2019,77,60.9,47,44,3,7.2,Elgin,Ontario,Sep-2019
Oct,2019,77,61.3,47,44,4,7.7,Elgin,Ontario,Oct-2019
Nov,2019,78,62,48,45,3,6.2,Elgin,Ontario,Nov-2019
Dec,2019,78,62.1,48,45,3,6.3,Elgin,Ontario,Dec-2019
Jan,2020,78,62.4,49,46,3,6.1,Elgin,Ontario,Jan-2020
Feb,2020,78,62.4,49,45,3,6.6,Elgin,Ontario,Feb-2020
Mar,2020,78,61,48,43,4,9.3,Elgin,Ontario,Mar-2020
Apr,2020,78,57.3,45,38,7,16.2,Elgin,Ontario,Apr-2020
May,2020,78,59.1,46,39,8,16.3,Elgin,Ontario,May-2020
Jun,2020,78,61.7,48,43,6,12.1,Elgin,Ontario,Jun-2020
Jul,2020,79,62.1,49,44,4,9,Elgin,Ontario,Jul-2020
Aug,2020,79,62.2,49,45,4,7.8,Elgin,Ontario,Aug-2020
Sep,2020,79,62.8,49,46,4,7.6,Elgin,Ontario,Sep-2020
Oct,2020,79,62.3,49,46,4,7.1,Elgin,Ontario,Oct-2020
Nov,2020,79,61.8,49,45,4,7.6,Elgin,Ontario,Nov-2020
Dec,2020,79,63.2,50,45,5,9.1,Elgin,Ontario,Dec-2020
Jan,2021,79,62.8,50,45,5,9.1,Elgin,Ontario,Jan-2021
Feb,2021,79,64,51,47,4,8.1,Elgin,Ontario,Feb-2021
Mar,2021,80,64.4,51,48,3,6.6,Elgin,Ontario,Mar-2021
Apr,2021,80,64.8,52,47,5,9.3,Elgin,Ontario,Apr-2021
May,2021,80,65.1,52,47,5,10,Elgin,Ontario,May-2021
Jun,2021,80,65.8,53,48,5,9.2,Elgin,Ontario,Jun-2021
Jul,2021,80,65.3,52,48,4,8.1,Elgin,Ontario,Jul-2021
Aug,2021,80,64.8,52,48,4,7.5,Elgin,Ontario,Aug-2021
Sep,2021,80,64.6,52,48,4,7.8,Elgin,Ontario,Sep-2021
Oct,2021,80,64.7,52,48,4,7.8,Elgin,Ontario,Oct-2021
Nov,2021,81,65.5,53,49,4,7.5,Elgin,Ontario,Nov-2021
Dec,2021,81,66.4,54,50,4,6.9,Elgin,Ontario,Dec-2021
Jan,2022,81,66,53,49,4,8.1,Elgin,Ontario,Jan-2022
Feb,2022,81,66,53,50,3,6,Elgin,Ontario,Feb-2022
Mar,2022,81,66.2,54,51,3,5.5,Elgin,Ontario,Mar-2022
Apr,2022,81,66.7,54,51,3,5.8,Elgin,Ontario,Apr-2022
May,2022,81,67,54,51,3,6,Elgin,Ontario,May-2022
Jun,2022,81,66.2,54,50,3,6.2,Elgin,Ontario,Jun-2022
Jul,2022,81,65.7,53,50,3,6.3,Elgin,Ontario,Jul-2022
Aug,2022,81,65.1,53,49,4,6.7,Elgin,Ontario,Aug-2022
Sep,2022,81,65.1,53,50,3,6.3,Elgin,Ontario,Sep-2022
Oct,2022,81,65.1,53,50,3,6.3,Elgin,Ontario,Oct-2022
Nov,2022,82,64.8,53,50,3,5.9,Elgin,Ontario,Nov-2022
Dec,2022,82,64.9,53,50,3,5.5,Elgin,Ontario,Dec-2022
Jan,2023,82,65.3,53,50,3,5.7,Elgin,Ontario,Jan-2023
Feb,2023,82,65.3,53,50,3,6,Elgin,Ontario,Feb-2023
Mar,2023,82,64.4,53,50,3,6,Elgin,Ontario,Mar-2023
Apr,2023,82,63.6,52,49,3,5.5,Elgin,Ontario,Apr-2023
May,2023,82,63.3,52,49,3,5.5,Elgin,Ontario,May-2023
Jun,2023,82,63.3,52,49,3,5.8,Elgin,Ontario,Jun-2023
Jul,2023,83,63.4,52,49,3,6.4,Elgin,Ontario,Jul-2023
Aug,2023,83,64.3,53,50,3,6.4,Elgin,Ontario,Aug-2023
Sep,2023,83,65.2,54,51,4,6.4,Elgin,Ontario,Sep-2023
Oct,2023,83,65.5,55,51,4,6.3,Elgin,Ontario,Oct-2023
Nov,2023,84,65,54,51,4,6.6,Elgin,Ontario,Nov-2023
Dec,2023,84,64.7,54,51,4,6.4,Elgin,Ontario,Dec-2023
Jan,2024,84,64.8,55,51,4,6.8,Elgin,Ontario,Jan-2024
Feb,2024,84,65.1,55,51,4,6.9,Elgin,Ontario,Feb-2024
Mar,2024,85,65.4,55,52,4,7.1,Elgin,Ontario,Mar-2024
Apr,2024,85,65.1,55,52,4,6.7,Elgin,Ontario,Apr-2024
May,2024,85,64.9,55,52,4,6.4,Elgin,Ontario,May-2024
Jun,2024,86,64.6,55,51,4,7,Elgin,Ontario,Jun-2024
Jul,2024,86,64.1,55,51,4,7.7,Elgin,Ontario,Jul-2024
Aug,2024,86,63.3,55,50,5,8.6,Elgin,Ontario,Aug-2024
Sep,2024,86,63.3,55,50,4,8,Elgin,Ontario,Sep-2024
Oct,2024,87,63.5,55,51,4,7.5,Elgin,Ontario,Oct-2024
Nov,2024,87,64.3,56,51,4,7.9,Elgin,Ontario,Nov-2024
Dec,2024,87,64.6,56,52,4,7.9,Elgin,Ontario,Dec-2024
Jan,2025,87,64.8,56,52,4,7.8,Elgin,Ontario,Jan-2025
Feb,2025,87,64.1,56,52,4,7.2,Elgin,Ontario,Feb-2025
Mar,2025,87,63.2,55,52,4,6.5,Elgin,Ontario,Mar-2025
Apr,2025,87,62.5,55,51,4,6.7,Elgin,Ontario,Apr-2025
May,2025,88,62.5,55,51,4,7.1,Elgin,Ontario,May-2025
Jan,2006,356,68.5,244,227,17,7,Middlesex,Ontario,Jan-2006
Feb,2006,356,68,242,226,16,6.6,Middlesex,Ontario,Feb-2006
Mar,2006,356,68.6,245,230,15,6.1,Middlesex,Ontario,Mar-2006
Apr,2006,357,69.5,248,232,16,6.4,Middlesex,Ontario,Apr-2006
May,2006,357,69.3,248,234,14,5.6,Middlesex,Ontario,May-2006
Jun,2006,358,68.7,246,233,13,5.3,Middlesex,Ontario,Jun-2006
Jul,2006,358,67.9,243,230,14,5.7,Middlesex,Ontario,Jul-2006
Aug,2006,359,67.5,242,228,14,5.9,Middlesex,Ontario,Aug-2006
Sep,2006,359,68.2,245,231,14,5.8,Middlesex,Ontario,Sep-2006
Oct,2006,359,69,248,234,14,5.6,Middlesex,Ontario,Oct-2006
Nov,2006,359,69.9,251,237,14,5.5,Middlesex,Ontario,Nov-2006
Dec,2006,360,70.3,253,239,14,5.6,Middlesex,Ontario,Dec-2006
Jan,2007,360,70.1,252,238,15,5.7,Middlesex,Ontario,Jan-2007
Feb,2007,360,69.6,250,237,14,5.4,Middlesex,Ontario,Feb-2007
Mar,2007,360,69,249,235,14,5.5,Middlesex,Ontario,Mar-2007
Apr,2007,360,68.7,248,234,13,5.4,Middlesex,Ontario,Apr-2007
May,2007,361,68,245,232,14,5.5,Middlesex,Ontario,May-2007
Jun,2007,361,67.4,243,230,13,5.5,Middlesex,Ontario,Jun-2007
Jul,2007,361,67.7,245,231,13,5.3,Middlesex,Ontario,Jul-2007
Aug,2007,362,68.1,246,233,14,5.5,Middlesex,Ontario,Aug-2007
Sep,2007,362,69,250,236,14,5.4,Middlesex,Ontario,Sep-2007
Oct,2007,362,69.3,251,237,14,5.5,Middlesex,Ontario,Oct-2007
Nov,2007,362,69.3,251,236,15,6,Middlesex,Ontario,Nov-2007
Dec,2007,363,69,250,234,16,6.5,Middlesex,Ontario,Dec-2007
Jan,2008,363,68.8,250,233,16,6.5,Middlesex,Ontario,Jan-2008
Feb,2008,363,68.6,249,233,16,6.4,Middlesex,Ontario,Feb-2008
Mar,2008,363,68.2,248,232,16,6.4,Middlesex,Ontario,Mar-2008
Apr,2008,364,67.9,247,231,16,6.3,Middlesex,Ontario,Apr-2008
May,2008,364,67.6,246,230,16,6.6,Middlesex,Ontario,May-2008
Jun,2008,364,67.2,245,228,17,7,Middlesex,Ontario,Jun-2008
Jul,2008,365,66.9,244,228,16,6.4,Middlesex,Ontario,Jul-2008
Aug,2008,365,67.2,245,231,15,6,Middlesex,Ontario,Aug-2008
Sep,2008,365,67.5,247,231,16,6.4,Middlesex,Ontario,Sep-2008
Oct,2008,366,67.4,246,230,16,6.5,Middlesex,Ontario,Oct-2008
Nov,2008,366,66.9,245,228,16,6.7,Middlesex,Ontario,Nov-2008
Dec,2008,366,67,245,228,18,7.1,Middlesex,Ontario,Dec-2008
Jan,2009,366,66.9,245,226,19,7.8,Middlesex,Ontario,Jan-2009
Feb,2009,366,67.1,246,225,20,8.2,Middlesex,Ontario,Feb-2009
Mar,2009,366,66.8,245,224,21,8.6,Middlesex,Ontario,Mar-2009
Apr,2009,366,66.1,242,221,21,8.6,Middlesex,Ontario,Apr-2009
May,2009,367,66.7,245,222,23,9.4,Middlesex,Ontario,May-2009
Jun,2009,367,66.8,245,223,22,9.1,Middlesex,Ontario,Jun-2009
Jul,2009,367,66.7,245,223,22,8.9,Middlesex,Ontario,Jul-2009
Aug,2009,368,66.1,243,221,22,9.2,Middlesex,Ontario,Aug-2009
Sep,2009,368,66.4,244,222,23,9.3,Middlesex,Ontario,Sep-2009
Oct,2009,368,66.8,246,223,23,9.3,Middlesex,Ontario,Oct-2009
Nov,2009,368,67.5,249,227,22,8.7,Middlesex,Ontario,Nov-2009
Dec,2009,369,66.8,246,226,20,8.3,Middlesex,Ontario,Dec-2009
Jan,2010,369,66.7,246,226,20,8.1,Middlesex,Ontario,Jan-2010
Feb,2010,369,66.1,244,224,20,8.1,Middlesex,Ontario,Feb-2010
Mar,2010,369,65.9,243,223,20,8.1,Middlesex,Ontario,Mar-2010
Apr,2010,369,66.1,244,225,19,7.9,Middlesex,Ontario,Apr-2010
May,2010,370,66.5,246,227,19,7.8,Middlesex,Ontario,May-2010
Jun,2010,370,66.6,247,229,18,7.3,Middlesex,Ontario,Jun-2010
Jul,2010,370,66.3,246,227,18,7.5,Middlesex,Ontario,Jul-2010
Aug,2010,371,65.9,244,225,20,8.1,Middlesex,Ontario,Aug-2010
Sep,2010,371,65,241,222,20,8.1,Middlesex,Ontario,Sep-2010
Oct,2010,371,65.1,242,222,20,8.1,Middlesex,Ontario,Oct-2010
Nov,2010,371,65.7,244,225,19,7.6,Middlesex,Ontario,Nov-2010
Dec,2010,371,65.8,245,225,19,7.9,Middlesex,Ontario,Dec-2010
Jan,2011,372,65.5,243,224,19,7.8,Middlesex,Ontario,Jan-2011
Feb,2011,372,64.7,241,222,19,7.9,Middlesex,Ontario,Feb-2011
Mar,2011,372,65.3,243,223,20,8.1,Middlesex,Ontario,Mar-2011
Apr,2011,372,66,246,226,20,8.2,Middlesex,Ontario,Apr-2011
May,2011,372,65.8,245,224,21,8.5,Middlesex,Ontario,May-2011
Jun,2011,373,65.6,245,224,21,8.5,Middlesex,Ontario,Jun-2011
Jul,2011,373,65.4,244,223,21,8.6,Middlesex,Ontario,Jul-2011
Aug,2011,373,65.7,245,224,21,8.4,Middlesex,Ontario,Aug-2011
Sep,2011,374,65.9,246,224,22,8.8,Middlesex,Ontario,Sep-2011
Oct,2011,374,65.3,244,223,21,8.7,Middlesex,Ontario,Oct-2011
Nov,2011,374,65.1,244,222,22,8.9,Middlesex,Ontario,Nov-2011
Dec,2011,374,64.6,242,221,21,8.5,Middlesex,Ontario,Dec-2011
Jan,2012,375,64.7,242,222,21,8.5,Middlesex,Ontario,Jan-2012
Feb,2012,375,64.1,240,221,19,8,Middlesex,Ontario,Feb-2012
Mar,2012,375,63.9,240,222,18,7.4,Middlesex,Ontario,Mar-2012
Apr,2012,376,64.6,242,225,18,7.3,Middlesex,Ontario,Apr-2012
May,2012,376,64.9,244,226,18,7.5,Middlesex,Ontario,May-2012
Jun,2012,376,65.3,246,227,19,7.6,Middlesex,Ontario,Jun-2012
Jul,2012,377,65.5,247,228,19,7.6,Middlesex,Ontario,Jul-2012
Aug,2012,377,65.6,247,228,20,7.9,Middlesex,Ontario,Aug-2012
Sep,2012,377,65.8,248,229,19,7.6,Middlesex,Ontario,Sep-2012
Oct,2012,377,65.4,247,226,21,8.4,Middlesex,Ontario,Oct-2012
Nov,2012,377,64.9,245,225,20,8.1,Middlesex,Ontario,Nov-2012
Dec,2012,377,64.4,243,224,19,7.7,Middlesex,Ontario,Dec-2012
Jan,2013,378,64.2,243,225,18,7.3,Middlesex,Ontario,Jan-2013
Feb,2013,378,64.4,243,226,18,7.3,Middlesex,Ontario,Feb-2013
Mar,2013,378,64.9,245,226,20,8,Middlesex,Ontario,Mar-2013
Apr,2013,378,65,246,226,20,8,Middlesex,Ontario,Apr-2013
May,2013,378,65.3,247,227,20,8,Middlesex,Ontario,May-2013
Jun,2013,378,65.4,247,228,20,7.9,Middlesex,Ontario,Jun-2013
Jul,2013,379,64.8,246,226,20,8,Middlesex,Ontario,Jul-2013
Aug,2013,379,64.5,244,225,20,8,Middlesex,Ontario,Aug-2013
Sep,2013,379,63.5,241,223,18,7.6,Middlesex,Ontario,Sep-2013
Oct,2013,379,63.3,240,222,18,7.5,Middlesex,Ontario,Oct-2013
Nov,2013,380,63.2,240,224,16,6.6,Middlesex,Ontario,Nov-2013
Dec,2013,380,63.4,241,224,17,7,Middlesex,Ontario,Dec-2013
Jan,2014,380,63.3,240,224,16,6.8,Middlesex,Ontario,Jan-2014
Feb,2014,380,63.6,241,224,17,7.2,Middlesex,Ontario,Feb-2014
Mar,2014,380,63.4,241,224,17,7.1,Middlesex,Ontario,Mar-2014
Apr,2014,380,63.8,243,225,18,7.3,Middlesex,Ontario,Apr-2014
May,2014,380,63.7,242,226,17,6.9,Middlesex,Ontario,May-2014
Jun,2014,381,63.7,242,226,17,6.8,Middlesex,Ontario,Jun-2014
Jul,2014,381,64.2,245,228,16,6.7,Middlesex,Ontario,Jul-2014
Aug,2014,381,63.8,243,227,16,6.7,Middlesex,Ontario,Aug-2014
Sep,2014,381,63.4,242,225,16,6.8,Middlesex,Ontario,Sep-2014
Oct,2014,382,62.8,240,225,15,6.3,Middlesex,Ontario,Oct-2014
Nov,2014,382,62.4,238,223,15,6.4,Middlesex,Ontario,Nov-2014
Dec,2014,382,62.5,239,224,15,6.1,Middlesex,Ontario,Dec-2014
Jan,2015,382,62.5,239,224,15,6.2,Middlesex,Ontario,Jan-2015
Feb,2015,382,62.8,240,225,16,6.5,Middlesex,Ontario,Feb-2015
Mar,2015,383,62.7,240,224,16,6.5,Middlesex,Ontario,Mar-2015
Apr,2015,383,61.8,237,222,15,6.2,Middlesex,Ontario,Apr-2015
May,2015,383,61.6,236,224,12,5.2,Middlesex,Ontario,May-2015
Jun,2015,384,62.7,241,229,12,4.8,Middlesex,Ontario,Jun-2015
Jul,2015,384,64,246,233,13,5.1,Middlesex,Ontario,Jul-2015
Aug,2015,384,65.1,250,237,13,5.3,Middlesex,Ontario,Aug-2015
Sep,2015,385,64.7,249,233,16,6.3,Middlesex,Ontario,Sep-2015
Oct,2015,385,64.7,249,233,17,6.6,Middlesex,Ontario,Oct-2015
Nov,2015,386,63.8,246,230,17,6.7,Middlesex,Ontario,Nov-2015
Dec,2015,386,63.2,244,230,14,5.9,Middlesex,Ontario,Dec-2015
Jan,2016,387,62.9,243,231,13,5.2,Middlesex,Ontario,Jan-2016
Feb,2016,387,63,244,230,14,5.7,Middlesex,Ontario,Feb-2016
Mar,2016,387,63.4,246,230,16,6.3,Middlesex,Ontario,Mar-2016
Apr,2016,388,63.8,248,230,18,7.2,Middlesex,Ontario,Apr-2016
May,2016,389,63.8,248,233,15,6.1,Middlesex,Ontario,May-2016
Jun,2016,389,64.1,249,234,15,6,Middlesex,Ontario,Jun-2016
Jul,2016,390,63.6,248,233,15,5.9,Middlesex,Ontario,Jul-2016
Aug,2016,391,63.7,249,234,15,6.1,Middlesex,Ontario,Aug-2016
Sep,2016,391,62.9,246,232,14,5.7,Middlesex,Ontario,Sep-2016
Oct,2016,392,62.3,244,231,13,5.3,Middlesex,Ontario,Oct-2016
Nov,2016,393,61.6,242,229,14,5.6,Middlesex,Ontario,Nov-2016
Dec,2016,394,61.6,242,228,15,6,Middlesex,Ontario,Dec-2016
Jan,2017,395,61.7,243,229,14,5.9,Middlesex,Ontario,Jan-2017
Feb,2017,395,62,245,233,12,5.1,Middlesex,Ontario,Feb-2017
Mar,2017,396,63.2,250,237,14,5.5,Middlesex,Ontario,Mar-2017
Apr,2017,397,63.2,251,238,13,5.2,Middlesex,Ontario,Apr-2017
May,2017,398,63.7,254,238,15,6,Middlesex,Ontario,May-2017
Jun,2017,399,63,251,237,14,5.6,Middlesex,Ontario,Jun-2017
Jul,2017,400,62.7,251,238,13,5.1,Middlesex,Ontario,Jul-2017
Aug,2017,401,61.2,245,234,12,4.8,Middlesex,Ontario,Aug-2017
Sep,2017,402,60.5,243,231,12,5.1,Middlesex,Ontario,Sep-2017
Oct,2017,403,60.4,243,230,13,5.3,Middlesex,Ontario,Oct-2017
Nov,2017,404,61,246,232,14,5.7,Middlesex,Ontario,Nov-2017
Dec,2017,404,61.1,247,232,15,6,Middlesex,Ontario,Dec-2017
Jan,2018,405,60.8,247,231,15,6.2,Middlesex,Ontario,Jan-2018
Feb,2018,406,61.2,249,234,15,6.2,Middlesex,Ontario,Feb-2018
Mar,2018,407,61.8,252,237,15,5.9,Middlesex,Ontario,Mar-2018
Apr,2018,408,61.7,252,239,13,5.3,Middlesex,Ontario,Apr-2018
May,2018,409,61.6,252,238,14,5.5,Middlesex,Ontario,May-2018
Jun,2018,410,62.2,255,240,15,5.8,Middlesex,Ontario,Jun-2018
Jul,2018,411,62.9,259,244,15,5.7,Middlesex,Ontario,Jul-2018
Aug,2018,412,62.6,258,243,15,5.6,Middlesex,Ontario,Aug-2018
Sep,2018,413,63.1,260,246,14,5.4,Middlesex,Ontario,Sep-2018
Oct,2018,413,62.6,258,246,12,4.8,Middlesex,Ontario,Oct-2018
Nov,2018,414,61.9,256,243,13,5.3,Middlesex,Ontario,Nov-2018
Dec,2018,414,61.6,255,242,13,5.2,Middlesex,Ontario,Dec-2018
Jan,2019,415,61.7,256,242,14,5.4,Middlesex,Ontario,Jan-2019
Feb,2019,416,61.9,257,244,13,5.2,Middlesex,Ontario,Feb-2019
Mar,2019,416,61.3,255,242,13,5.1,Middlesex,Ontario,Mar-2019
Apr,2019,417,60.8,253,241,12,4.8,Middlesex,Ontario,Apr-2019
May,2019,418,59.4,248,238,11,4.2,Middlesex,Ontario,May-2019
Jun,2019,418,59.2,248,237,11,4.3,Middlesex,Ontario,Jun-2019
Jul,2019,419,59.1,248,235,13,5.4,Middlesex,Ontario,Jul-2019
Aug,2019,420,60.3,254,239,14,5.6,Middlesex,Ontario,Aug-2019
Sep,2019,421,60.4,254,240,14,5.7,Middlesex,Ontario,Sep-2019
Oct,2019,422,60.8,257,243,13,5.2,Middlesex,Ontario,Oct-2019
Nov,2019,423,61.5,260,247,13,5,Middlesex,Ontario,Nov-2019
Dec,2019,424,61.6,261,248,13,4.9,Middlesex,Ontario,Dec-2019
Jan,2020,424,62,263,251,12,4.6,Middlesex,Ontario,Jan-2020
Feb,2020,425,62,264,251,13,4.9,Middlesex,Ontario,Feb-2020
Mar,2020,426,60.6,258,239,19,7.3,Middlesex,Ontario,Mar-2020
Apr,2020,426,57,243,218,25,10.4,Middlesex,Ontario,Apr-2020
May,2020,427,58.8,251,221,30,11.9,Middlesex,Ontario,May-2020
Jun,2020,428,61.3,262,235,27,10.2,Middlesex,Ontario,Jun-2020
Jul,2020,428,61.8,265,244,21,7.8,Middlesex,Ontario,Jul-2020
Aug,2020,429,61.9,265,248,18,6.8,Middlesex,Ontario,Aug-2020
Sep,2020,429,62.6,269,251,18,6.6,Middlesex,Ontario,Sep-2020
Oct,2020,430,62.2,267,247,21,7.7,Middlesex,Ontario,Oct-2020
Nov,2020,430,61.8,266,244,22,8.1,Middlesex,Ontario,Nov-2020
Dec,2020,431,63.1,272,247,25,9.3,Middlesex,Ontario,Dec-2020
Jan,2021,431,62.8,271,246,25,9.3,Middlesex,Ontario,Jan-2021
Feb,2021,432,64.1,277,256,21,7.6,Middlesex,Ontario,Feb-2021
Mar,2021,432,64.5,279,261,18,6.3,Middlesex,Ontario,Mar-2021
Apr,2021,432,65,281,255,26,9.1,Middlesex,Ontario,Apr-2021
May,2021,433,65.4,283,254,29,10.3,Middlesex,Ontario,May-2021
Jun,2021,433,66.1,287,259,28,9.6,Middlesex,Ontario,Jun-2021
Jul,2021,434,65.7,285,263,22,7.8,Middlesex,Ontario,Jul-2021
Aug,2021,435,65.2,284,264,20,7,Middlesex,Ontario,Aug-2021
Sep,2021,436,65,284,264,19,6.8,Middlesex,Ontario,Sep-2021
Oct,2021,437,65.1,285,267,18,6.2,Middlesex,Ontario,Oct-2021
Nov,2021,439,65.9,289,271,18,6.2,Middlesex,Ontario,Nov-2021
Dec,2021,440,66.7,293,277,17,5.6,Middlesex,Ontario,Dec-2021
Jan,2022,441,66.4,293,273,19,6.6,Middlesex,Ontario,Jan-2022
Feb,2022,442,66.4,293,279,14,4.8,Middlesex,Ontario,Feb-2022
Mar,2022,443,66.6,295,282,13,4.5,Middlesex,Ontario,Mar-2022
Apr,2022,444,67.1,298,284,14,4.8,Middlesex,Ontario,Apr-2022
May,2022,445,67.4,300,285,15,4.9,Middlesex,Ontario,May-2022
Jun,2022,446,66.5,297,282,15,5.1,Middlesex,Ontario,Jun-2022
Jul,2022,447,66.1,296,280,15,5.2,Middlesex,Ontario,Jul-2022
Aug,2022,449,65.4,294,277,16,5.6,Middlesex,Ontario,Aug-2022
Sep,2022,450,65.4,294,279,16,5.3,Middlesex,Ontario,Sep-2022
Oct,2022,451,65.5,295,280,15,5.2,Middlesex,Ontario,Oct-2022
Nov,2022,452,65.2,295,281,14,4.7,Middlesex,Ontario,Nov-2022
Dec,2022,453,65.3,296,283,13,4.4,Middlesex,Ontario,Dec-2022
Jan,2023,455,65.7,299,285,14,4.5,Middlesex,Ontario,Jan-2023
Feb,2023,456,65.7,300,286,14,4.7,Middlesex,Ontario,Feb-2023
Mar,2023,458,64.7,296,282,15,4.9,Middlesex,Ontario,Mar-2023
Apr,2023,459,64,294,281,13,4.4,Middlesex,Ontario,Apr-2023
May,2023,461,63.6,293,279,14,4.9,Middlesex,Ontario,May-2023
Jun,2023,463,63.7,295,280,15,5,Middlesex,Ontario,Jun-2023
Jul,2023,465,63.8,296,281,16,5.3,Middlesex,Ontario,Jul-2023
Aug,2023,466,64.7,302,285,16,5.4,Middlesex,Ontario,Aug-2023
Sep,2023,468,65.6,307,290,17,5.6,Middlesex,Ontario,Sep-2023
Oct,2023,469,65.9,309,292,17,5.4,Middlesex,Ontario,Oct-2023
Nov,2023,471,65.3,308,291,17,5.4,Middlesex,Ontario,Nov-2023
Dec,2023,473,65.1,308,292,16,5.2,Middlesex,Ontario,Dec-2023
Jan,2024,474,65.2,309,293,16,5.3,Middlesex,Ontario,Jan-2024
Feb,2024,476,65.5,312,295,17,5.6,Middlesex,Ontario,Feb-2024
Mar,2024,478,65.8,314,296,18,5.8,Middlesex,Ontario,Mar-2024
Apr,2024,479,65.5,314,297,17,5.4,Middlesex,Ontario,Apr-2024
May,2024,481,65.3,314,297,17,5.4,Middlesex,Ontario,May-2024
Jun,2024,483,65,314,295,19,6,Middlesex,Ontario,Jun-2024
Jul,2024,485,64.5,312,292,20,6.5,Middlesex,Ontario,Jul-2024
Aug,2024,486,63.7,310,288,22,7,Middlesex,Ontario,Aug-2024
Sep,2024,488,63.7,311,290,20,6.5,Middlesex,Ontario,Sep-2024
Oct,2024,489,63.9,312,293,19,6.1,Middlesex,Ontario,Oct-2024
Nov,2024,490,64.7,317,297,20,6.2,Middlesex,Ontario,Nov-2024
Dec,2024,491,65,319,300,19,6,Middlesex,Ontario,Dec-2024
Jan,2025,492,65.2,321,302,18,5.7,Middlesex,Ontario,Jan-2025
Feb,2025,493,64.5,317,300,17,5.4,Middlesex,Ontario,Feb-2025
Mar,2025,493,63.6,314,298,15,4.9,Middlesex,Ontario,Mar-2025
Apr,2025,494,62.9,311,294,17,5.6,Middlesex,Ontario,Apr-2025
May,2025,495,62.9,311,292,19,6.2,Middlesex,Ontario,May-2025